{
  "project_info": {
    "project_number": "454692812358",
    "project_id": "taxezy-81253",
    "storage_bucket": "taxezy-81253.appspot.com"
  },
  "client": [
    {
      "client_info": {
        "mobilesdk_app_id": "1:454692812358:android:cf4dd558beff2143e53c47",
        "android_client_info": {
          "package_name": "com.example.befilerclown"
        }
      },
      "oauth_client": [
        {
          "client_id": "454692812358-flf7l27m7oqh1a7qbss1t17n159d91uj.apps.googleusercontent.com",
          "client_type": 3
        }
      ],
      "api_key": [
        {
          "current_key": "AIzaSyCAcEeHazDMNAt_rTwsdur1oWRS00Nnwaw"
        }
      ],
      "services": {
        "appinvite_service": {
          "other_platform_oauth_client": [
            {
              "client_id": "454692812358-flf7l27m7oqh1a7qbss1t17n159d91uj.apps.googleusercontent.com",
              "client_type": 3
            }
          ]
        }
      }
    }
  ],
  "configuration_version": "1"
}